{"cameraMode":{"drawMode":0,"name":"Shaded","section":"Shading Mode"},"sceneLighting":false,"audioPlay":false,"sceneViewState":{"showFog":true,"showMaterialUpdate":false,"showSkybox":false,"showFlares":true,"showImageEffects":true,"showParticleSystems":true},"in2DMode":false,"pivot":{"x":-15.020831108093262,"y":0.1652430295944214,"z":-11.100000381469727},"rotation":{"x":-0.6118441224098206,"y":0.0888918936252594,"z":-0.06953956186771393,"w":-0.7830026149749756},"size":14.0879545211792,"orthographic":false}