{"cameraMode":{"drawMode":0,"name":"Shaded","section":"Shading Mode"},"sceneLighting":false,"audioPlay":false,"sceneViewState":{"showFog":true,"showMaterialUpdate":false,"showSkybox":false,"showFlares":true,"showImageEffects":true,"showParticleSystems":true},"in2DMode":false,"pivot":{"x":-15.020831108093262,"y":0.1652430295944214,"z":-11.100000381469727},"rotation":{"x":-0.612625777721405,"y":0.06307925283908844,"z":-0.0492250919342041,"w":-0.7864293456077576},"size":13.058623313903809,"orthographic":false}