{"cameraMode":{"drawMode":0,"name":"Shaded","section":"Shading Mode"},"sceneLighting":false,"audioPlay":false,"sceneViewState":{"showFog":true,"showMaterialUpdate":false,"showSkybox":false,"showFlares":true,"showImageEffects":true,"showParticleSystems":true},"in2DMode":false,"pivot":{"x":-11.464618682861329,"y":6.354233264923096,"z":-7.484889030456543},"rotation":{"x":0.3425222635269165,"y":-0.033793795853853229,"z":0.012395432218909264,"w":0.9389085173606873},"size":16.595905303955079,"orthographic":false}