{"cameraMode":{"drawMode":0,"name":"Shaded","section":"Shading Mode"},"sceneLighting":false,"audioPlay":false,"sceneViewState":{"showFog":true,"showMaterialUpdate":false,"showSkybox":false,"showFlares":true,"showImageEffects":true,"showParticleSystems":true},"in2DMode":false,"pivot":{"x":-0.21212852001190186,"y":-5.62959098815918,"z":-4.267843246459961},"rotation":{"x":-0.12271876633167267,"y":0.6422615051269531,"z":-0.10515549033880234,"w":-0.7493510246276856},"size":18.91634178161621,"orthographic":false}