{"cameraMode":{"drawMode":0,"name":"Shaded","section":"Shading Mode"},"sceneLighting":false,"audioPlay":false,"sceneViewState":{"showFog":true,"showMaterialUpdate":false,"showSkybox":false,"showFlares":true,"showImageEffects":true,"showParticleSystems":true},"in2DMode":false,"pivot":{"x":6.775387287139893,"y":2.03021240234375,"z":31.600908279418947},"rotation":{"x":-0.6990019083023071,"y":0.019749803468585016,"z":-0.01926623098552227,"w":-0.7146791219711304},"size":24.33064079284668,"orthographic":false}