{"cameraMode":{"drawMode":0,"name":"Shaded","section":"Shading Mode"},"sceneLighting":false,"audioPlay":false,"sceneViewState":{"showFog":true,"showMaterialUpdate":false,"showSkybox":false,"showFlares":true,"showImageEffects":true,"showParticleSystems":true},"in2DMode":false,"pivot":{"x":-22.969507217407228,"y":-2.4547653198242189,"z":-8.994309425354004},"rotation":{"x":-0.4331870973110199,"y":-0.17861326038837434,"z":0.08794007450342179,"w":-0.8791450262069702},"size":13.30424690246582,"orthographic":false}