{"cameraMode":{"drawMode":0,"name":"Shaded","section":"Shading Mode"},"sceneLighting":false,"audioPlay":false,"sceneViewState":{"showFog":true,"showMaterialUpdate":false,"showSkybox":false,"showFlares":true,"showImageEffects":true,"showParticleSystems":true},"in2DMode":false,"pivot":{"x":-15.020831108093262,"y":0.1652430295944214,"z":-11.100000381469727},"rotation":{"x":-0.4108603894710541,"y":0.07288696616888046,"z":-0.03301124647259712,"w":-0.9082841873168945},"size":12.03111457824707,"orthographic":false}