{"cameraMode":{"drawMode":0,"name":"Shaded","section":"Shading Mode"},"sceneLighting":false,"audioPlay":false,"sceneViewState":{"showFog":true,"showMaterialUpdate":false,"showSkybox":false,"showFlares":true,"showImageEffects":true,"showParticleSystems":true},"in2DMode":false,"pivot":{"x":-12.600000381469727,"y":-0.8343790769577026,"z":-11.100000381469727},"rotation":{"x":-0.395709365606308,"y":-0.0049848188646137718,"z":0.0020991715136915447,"w":-0.9184556007385254},"size":9.554037094116211,"orthographic":false}