{"cameraMode":{"drawMode":0,"name":"Shaded","section":"Shading Mode"},"sceneLighting":false,"audioPlay":false,"sceneViewState":{"showFog":true,"showMaterialUpdate":false,"showSkybox":false,"showFlares":true,"showImageEffects":true,"showParticleSystems":true},"in2DMode":false,"pivot":{"x":-12.600000381469727,"y":-0.8343790769577026,"z":-11.100000381469727},"rotation":{"x":-0.024730125442147256,"y":0.7564386129379273,"z":-0.028591861948370935,"w":-0.653083086013794},"size":18.916339874267579,"orthographic":false}