{"cameraMode":{"drawMode":0,"name":"Shaded","section":"Shading Mode"},"sceneLighting":false,"audioPlay":false,"sceneViewState":{"showFog":true,"showMaterialUpdate":false,"showSkybox":false,"showFlares":true,"showImageEffects":true,"showParticleSystems":true},"in2DMode":false,"pivot":{"x":21.666927337646486,"y":0.0,"z":8.769996643066407},"rotation":{"x":-0.5904428958892822,"y":0.021076438948512079,"z":-0.015379425138235093,"w":-0.8067387342453003},"size":13.059234619140625,"orthographic":false}