{"cameraMode":{"drawMode":0,"name":"Shaded","section":"Shading Mode"},"sceneLighting":false,"audioPlay":false,"sceneViewState":{"showFog":true,"showMaterialUpdate":false,"showSkybox":false,"showFlares":true,"showImageEffects":true,"showParticleSystems":true},"in2DMode":false,"pivot":{"x":-15.020831108093262,"y":0.1652430295944214,"z":-11.100000381469727},"rotation":{"x":-0.5353458523750305,"y":0.046044714748859408,"z":-0.02928609400987625,"w":-0.8429750800132752},"size":13.75735855102539,"orthographic":false}