{"cameraMode":{"drawMode":0,"name":"Shaded","section":"Shading Mode"},"sceneLighting":false,"audioPlay":false,"sceneViewState":{"showFog":true,"showMaterialUpdate":false,"showSkybox":false,"showFlares":true,"showImageEffects":true,"showParticleSystems":true},"in2DMode":false,"pivot":{"x":-12.600000381469727,"y":2.271526336669922,"z":-11.100000381469727},"rotation":{"x":-0.5549085736274719,"y":0.015443965792655945,"z":-0.010348981246352196,"w":-0.8318139314651489},"size":19.384620666503908,"orthographic":false}